,Unnamed: 0,Code,Movie,Audience,Screen,genres,AgeRate,month,year,four_month,year_cat,Point,마동석,황정민,정만식,박성웅,라미란,송강호,오달수,성동일,조진웅,김희원
0,0,20192193,도굴,565.469,1634,범죄,청소년관람가,11,2020,4,35,7.52,0.0,0.0,0.0,0.0,0.0,0.0,0.0,0.0,0.0,0.0
1,1,20197121,삼진그룹 영어토익반,1257.444,1080,드라마,청소년관람가,10,2020,4,35,8.73,0.0,0.0,0.0,0.0,0.0,0.0,0.0,0.0,0.0,0.0
2,2,20199816,담보,1702.2520000000006,407,드라마,청소년관람가,9,2020,4,35,8.9,0.0,0.0,0.0,0.0,0.0,0.0,0.0,1.0,0.0,1.0
3,3,20208508,미스터트롯: 더 무비,140.594,159,공연,전체관람가,10,2020,4,35,8.95,,,,,,,,,,
4,4,20194424,소리도 없이,401.759,126,범죄,청소년관람가,10,2020,4,35,6.39,0.0,0.0,0.0,0.0,0.0,0.0,0.0,0.0,0.0,0.0
5,5,20209304,다만 악에서 구하소서 파이널컷,34.205,78,액션,18세이상관람가,10,2020,4,35,7.84,0.0,1.0,0.0,0.0,0.0,0.0,0.0,0.0,0.0,0.0
6,6,20178401,검객,188.99,23,액션,청소년관람가,9,2020,4,35,8.35,0.0,0.0,1.0,0.0,0.0,0.0,0.0,0.0,0.0,0.0
7,7,20206588,극장판 미니특공대: 햄버거괴물의 습격,55.468,38,애니메이션,전체관람가,9,2020,4,35,8.49,,,,,,,,,,
8,8,20081003,박쥐,2208.279,1,공포(호러),18세이상관람가,4,2009,2,24,6.09,0.0,0.0,0.0,0.0,1.0,1.0,1.0,0.0,0.0,0.0
9,9,20206826,"그대, 고맙소 : 김호중 생애 첫 팬미팅 무비",100.725,53,공연,전체관람가,9,2020,4,35,9.38,,,,,,,,,,
10,10,20193666,오! 문희,350.99300000000005,20,코미디,청소년관람가,9,2020,4,35,8.02,0.0,0.0,0.0,0.0,0.0,0.0,0.0,0.0,0.0,0.0
11,11,20204684,브레이크 더 사일런스: 더 무비,131.69299999999998,66,다큐멘터리,전체관람가,9,2020,4,35,9.36,0.0,0.0,0.0,0.0,0.0,0.0,0.0,0.0,0.0,0.0
12,12,20190601,디바,107.48,6,스릴러,청소년관람가,9,2020,4,35,6.61,0.0,0.0,0.0,0.0,0.0,0.0,0.0,0.0,0.0,0.0
13,13,20196750,웰컴 투 X-월드,0.71,2,다큐멘터리,전체관람가,10,2020,4,35,8.4,0.0,0.0,0.0,0.0,0.0,0.0,0.0,0.0,0.0,0.0
14,14,20184482,국제수사,534.629,11,코미디,청소년관람가,9,2020,4,35,4.62,0.0,0.0,0.0,0.0,0.0,0.0,0.0,0.0,0.0,1.0
15,15,20190621,죽지않는 인간들의 밤,101.663,7,코미디,청소년관람가,9,2020,4,35,6.77,0.0,0.0,0.0,0.0,0.0,0.0,0.0,0.0,0.0,0.0
16,16,20206291,피원에이치 : 새로운 세계의 시작 ,1.912,21,드라마,청소년관람가,10,2020,4,35,5.46,0.0,0.0,0.0,0.0,0.0,0.0,0.0,0.0,0.0,0.0
17,17,20208045,강철비2 : 정상회담 확장판,17.918,48,드라마,청소년관람가,9,2020,4,35,5.01,0.0,0.0,0.0,0.0,0.0,0.0,0.0,0.0,0.0,0.0
18,18,20196271,강철비2: 정상회담,1789.78,9,드라마,청소년관람가,7,2020,3,35,5.04,0.0,0.0,0.0,0.0,0.0,0.0,0.0,0.0,0.0,0.0
19,19,20204643,다시 만난 날들,2.1430000000000002,105,뮤지컬,청소년관람가,9,2020,4,35,9.38,0.0,0.0,0.0,0.0,0.0,0.0,0.0,0.0,0.0,0.0
20,20,20197922,다만 악에서 구하소서,4354.335999999998,37,범죄,청소년관람가,8,2020,3,35,7.71,0.0,1.0,0.0,0.0,0.0,0.0,0.0,0.0,0.0,0.0
21,21,20193450,반도,3811.81,6,액션,청소년관람가,7,2020,3,35,5.86,0.0,0.0,0.0,0.0,0.0,0.0,0.0,0.0,0.0,0.0
22,22,20205284,매지컬: 공주를 웃겨라,3.9010000000000002,22,애니메이션,전체관람가,9,2020,4,35,6.1,0.0,0.0,0.0,0.0,0.0,0.0,0.0,0.0,0.0,0.0
23,23,20183813,결백,894.025,14,드라마,청소년관람가,6,2020,3,35,7.75,0.0,0.0,0.0,0.0,0.0,0.0,0.0,0.0,0.0,0.0
24,24,20199883,오케이 마담,1228.5510000000004,23,코미디,청소년관람가,8,2020,3,35,6.51,0.0,0.0,1.0,1.0,0.0,0.0,0.0,0.0,0.0,0.0
25,25,20206679,공포체험라디오 4DX,1.4680000000000002,36,공포(호러),청소년관람가,9,2020,4,35,3.35,,,,,,,,,,
26,26,20050333,왕의 남자,10514.167,1,드라마,청소년관람가,12,2005,1,23,9.04,0.0,0.0,0.0,0.0,0.0,0.0,0.0,0.0,0.0,0.0
27,27,20158482,동주,1176.644,1,드라마,청소년관람가,2,2016,1,31,9.39,0.0,0.0,0.0,0.0,0.0,0.0,0.0,0.0,0.0,0.0
28,28,20148846,사도,6247.739000000001,1,사극,청소년관람가,9,2015,4,30,8.21,0.0,0.0,0.0,0.0,0.0,1.0,0.0,0.0,0.0,0.0
29,29,20178982,박열,2359.775,1,드라마,청소년관람가,6,2017,3,32,8.08,0.0,0.0,0.0,0.0,0.0,0.0,0.0,0.0,0.0,0.0
30,30,20193069,#살아있다,1903.703,8,드라마,청소년관람가,6,2020,3,35,4.15,0.0,0.0,0.0,0.0,0.0,0.0,0.0,0.0,0.0,0.0
31,31,20193275,브링 더 소울 : 더 무비,337.593,33,기타,전체관람가,8,2019,3,34,9.16,0.0,0.0,0.0,0.0,0.0,0.0,0.0,0.0,0.0,0.0
32,32,20201785,태백권,1.476,60,코미디,청소년관람가,8,2020,3,35,5.3,0.0,0.0,0.0,0.0,0.0,0.0,0.0,0.0,0.0,0.0
33,33,20201841,부활,14.356,10,다큐멘터리,전체관람가,7,2020,3,35,8.49,,,,,,,,,,
34,34,20196201,소리꾼,80.984,4,사극,청소년관람가,7,2020,3,35,8.4,0.0,0.0,0.0,0.0,0.0,0.0,0.0,0.0,0.0,0.0
35,35,20200002,프리즈너,1.621,2,액션,청소년관람가,7,2020,3,35,3.09,0.0,0.0,0.0,0.0,0.0,0.0,0.0,0.0,0.0,0.0
36,36,20090557,호우시절,288.4190000000001,5,멜로/로맨스,청소년관람가,10,2009,4,24,7.38,0.0,0.0,0.0,0.0,0.0,0.0,0.0,0.0,0.0,0.0
37,37,20193859,사라진 시간,185.783,1,미스터리,청소년관람가,6,2020,3,35,4.38,0.0,0.0,0.0,0.0,0.0,0.0,0.0,0.0,1.0,0.0
38,38,20200846,부산행:익스텐디드,4.098,2,액션,청소년관람가,7,2020,3,35,8.6,1.0,0.0,0.0,0.0,0.0,0.0,0.0,0.0,0.0,0.0
39,39,20197863,침입자,531.969,20,미스터리,청소년관람가,6,2020,3,35,5.6,0.0,0.0,0.0,0.0,0.0,0.0,0.0,0.0,0.0,0.0
40,40,20170841,리틀 포레스트,1508.0629999999999,27,드라마,전체관람가,2,2018,1,33,8.78,0.0,0.0,0.0,0.0,0.0,0.0,0.0,0.0,0.0,0.0
41,41,20209021,런 보이 런,2.886,2,드라마,청소년관람가,5,2020,2,35,7.44,0.0,0.0,0.0,0.0,0.0,0.0,0.0,0.0,0.0,0.0
42,42,20198890,아이즈 온 미 : 더 무비,37.743,100,공연,전체관람가,6,2020,3,35,9.69,,,,,,,,,,
43,43,20209430,열혈형사,2.088,121,코미디,청소년관람가,6,2020,3,35,3.75,0.0,0.0,0.0,0.0,0.0,0.0,0.0,0.0,0.0,0.0
44,44,20207722,저 산 너머,103.412,6,드라마,청소년관람가,4,2020,2,35,8.14,0.0,0.0,0.0,0.0,0.0,0.0,0.0,0.0,0.0,0.0
45,45,20010020,엽기적인 그녀,0.057,1,코미디,청소년관람가,7,2001,3,20,9.29,,,,,,,,,,
46,46,20193836,핑크퐁 시네마 콘서트 : 우주대탐험,17.597,1,애니메이션,전체관람가,1,2020,1,35,8.87,0.0,0.0,0.0,0.0,0.0,0.0,0.0,0.0,0.0,0.0
47,47,19970014,접속,1.854,1,멜로/로맨스,18세이상관람가,9,1997,4,18,8.69,,,,,,,,,,
48,48,20185881,증인,2534.853,1,드라마,청소년관람가,2,2019,1,34,9.06,0.0,0.0,0.0,0.0,0.0,0.0,0.0,0.0,0.0,0.0
49,49,20129370,명량,17615.685,1,사극,청소년관람가,7,2014,3,29,8.49,0.0,0.0,0.0,0.0,0.0,0.0,0.0,0.0,1.0,0.0
50,50,20183782,기생충,10313.062,4,드라마,청소년관람가,5,2019,2,34,8.5,0.0,0.0,0.0,0.0,0.0,1.0,0.0,0.0,0.0,0.0
51,51,20180962,지푸라기라도 잡고 싶은 짐승들,627.247,6,스릴러,18세이상관람가,2,2020,1,35,7.01,0.0,0.0,1.0,0.0,0.0,0.0,0.0,0.0,0.0,0.0
52,52,20193321,정직한 후보,1536.652,3,코미디,청소년관람가,2,2020,1,35,7.79,0.0,0.0,0.0,0.0,1.0,0.0,0.0,0.0,0.0,0.0
53,53,20126674,설국열차,9353.332,26,SF,청소년관람가,8,2013,3,28,7.98,0.0,0.0,0.0,0.0,0.0,1.0,0.0,0.0,0.0,0.0
54,54,20124401,신세계,4688.978,20,범죄,18세이상관람가,2,2013,1,28,8.92,0.0,1.0,0.0,1.0,0.0,0.0,0.0,0.0,0.0,0.0
55,55,20030046,살인의 추억,12.834000000000001,24,스릴러,청소년관람가,4,2003,2,22,9.38,0.0,0.0,0.0,0.0,0.0,1.0,0.0,0.0,0.0,0.0
56,56,20127593,7번방의 선물,12812.038999999999,34,코미디,청소년관람가,1,2013,1,28,8.83,0.0,0.0,1.0,0.0,0.0,0.0,1.0,0.0,0.0,0.0
57,57,20120426,고령화 가족,1141.444,16,드라마,청소년관람가,5,2013,2,28,8.15,,,,,,,,,,
58,58,20208595,얼굴없는 보스: 못다한 이야기 감독판,1.472,6,범죄,청소년관람가,5,2020,2,35,5.14,0.0,0.0,0.0,0.0,0.0,0.0,0.0,0.0,0.0,0.0
59,59,20182530,극한직업,16266.337,1,코미디,청소년관람가,1,2019,1,34,8.62,0.0,0.0,0.0,0.0,0.0,0.0,0.0,0.0,0.0,0.0
60,60,20000011,동감,5.502999999999999,3,멜로/로맨스,전체관람가,5,2000,2,19,9.0,0.0,0.0,0.0,0.0,0.0,0.0,0.0,0.0,0.0,0.0
61,61,20208988,아르코라이브 의자 고치는 여인,0.084,6,공연,청소년관람가,5,2020,2,35,9.3,,,,,,,,,,
62,62,20188421,미스터 주: 사라진 VIP,604.143,3,코미디,청소년관람가,1,2020,1,35,4.66,0.0,0.0,0.0,0.0,0.0,0.0,0.0,0.0,0.0,0.0
63,63,20198323,레드슈즈,820.74,21,애니메이션,전체관람가,7,2019,3,34,9.29,0.0,0.0,0.0,0.0,0.0,0.0,0.0,0.0,0.0,0.0
64,64,20198183,뽀로로 극장판 보물섬 대모험,767.737,4,애니메이션,전체관람가,4,2019,2,34,9.29,0.0,0.0,0.0,0.0,0.0,0.0,0.0,0.0,0.0,0.0
65,65,20186501,극장판 헬로카봇 : 백악기 시대,880.7760000000003,4,애니메이션,전체관람가,8,2018,3,33,9.24,0.0,0.0,0.0,0.0,0.0,0.0,0.0,0.0,0.0,0.0
66,66,20208597,아르코라이브 무용 히트 앤 런,0.038,4,공연,전체관람가,5,2020,2,35,0.0,,,,,,,,,,
67,67,20193821,극장판 헬로카봇 : 달나라를 구해줘!,590.7080000000002,22,애니메이션,전체관람가,9,2019,4,34,7.48,0.0,0.0,0.0,0.0,0.0,0.0,0.0,0.0,0.0,0.0
68,68,20206305,아르코라이브 뮤지컬 안테모사,0.9079999999999999,13,공연,전체관람가,3,2020,2,35,9.2,,,,,,,,,,
69,69,20164844,불한당: 나쁜 놈들의 세상,963.2389999999999,1,범죄,18세이상관람가,5,2017,2,32,5.87,0.0,0.0,0.0,0.0,0.0,0.0,0.0,0.0,0.0,1.0
70,70,20182447,클로젯,1270.288,7,미스터리,청소년관람가,2,2020,1,35,7.04,0.0,0.0,0.0,1.0,0.0,0.0,0.0,0.0,0.0,0.0
71,71,20198414,시동,3318.429,4,드라마,청소년관람가,12,2019,1,34,7.86,1.0,0.0,0.0,0.0,0.0,0.0,0.0,0.0,0.0,0.0
72,72,20198374,신비아파트 극장판 하늘도깨비 대 요르문간드,894.3560000000001,2,애니메이션,전체관람가,12,2019,1,34,8.51,0.0,0.0,0.0,0.0,0.0,0.0,0.0,0.0,0.0,0.0
73,73,20192206,백두산,8252.669,1,어드벤처,청소년관람가,12,2019,1,34,5.87,1.0,0.0,0.0,0.0,0.0,0.0,0.0,0.0,0.0,0.0
74,74,20192101,히트맨,2406.232,2,코미디,청소년관람가,1,2020,1,35,7.18,0.0,0.0,0.0,0.0,0.0,0.0,0.0,0.0,0.0,0.0
75,75,20192984,극장판 미니특공대: 공룡왕 디노 ,79.723,3,애니메이션,전체관람가,2,2020,1,35,8.85,0.0,0.0,0.0,0.0,0.0,0.0,0.0,0.0,0.0,0.0
76,76,20191422,공수도,2.795,13,액션,청소년관람가,4,2020,2,35,8.81,0.0,0.0,0.0,0.0,0.0,0.0,0.0,0.0,0.0,0.0
77,77,20183096,생일,1197.685,13,드라마,전체관람가,4,2019,2,34,7.07,0.0,0.0,0.0,0.0,0.0,0.0,0.0,0.0,0.0,0.0
78,78,20149314,내부자들,7073.543000000002,2,범죄,18세이상관람가,11,2015,4,30,9.02,0.0,0.0,1.0,0.0,0.0,0.0,0.0,0.0,0.0,0.0
79,79,20100213,부당거래,2725.699,10,범죄,18세이상관람가,10,2010,4,25,8.68,1.0,1.0,1.0,0.0,0.0,0.0,0.0,0.0,0.0,0.0
80,80,20206424,사랑하고 있습니까,12.82,13,판타지,청소년관람가,3,2020,2,35,4.83,0.0,0.0,0.0,0.0,0.0,0.0,0.0,0.0,0.0,0.0
81,81,19970037,비트,1.537,5,액션,18세이상관람가,5,1997,2,18,8.85,,,,,,,,,,
82,82,20180804,곤지암,2676.423,3,공포(호러),청소년관람가,3,2018,2,33,6.77,0.0,0.0,0.0,0.0,0.0,0.0,0.0,0.0,0.0,0.0
83,83,20185484,안나 카레니나,5.073,5,뮤지컬,청소년관람가,6,2018,3,33,8.5,0.0,0.0,0.0,0.0,0.0,0.0,0.0,0.0,0.0,0.0
84,84,20174981,창궐,1599.61,1,사극,청소년관람가,10,2018,4,33,5.49,0.0,0.0,1.0,0.0,0.0,0.0,0.0,0.0,0.0,0.0
85,85,20180939,남산의 부장들,4750.0779999999995,3,드라마,청소년관람가,1,2020,1,35,7.41,0.0,0.0,0.0,0.0,0.0,0.0,0.0,0.0,0.0,0.0
86,86,20183002,해치지않아,1224.546,6,코미디,청소년관람가,1,2020,1,35,6.38,0.0,0.0,0.0,0.0,0.0,0.0,0.0,0.0,0.0,0.0
87,87,20184571,천문: 하늘에 묻는다,2000.3929999999998,4,사극,청소년관람가,12,2019,1,34,8.83,0.0,0.0,0.0,0.0,0.0,0.0,0.0,0.0,0.0,0.0
88,88,20191029,82년생 김지영,3678.292,1,드라마,청소년관람가,10,2019,4,34,6.63,0.0,0.0,0.0,0.0,0.0,0.0,0.0,0.0,0.0,0.0
89,89,20195002,블랙머니,2479.464,5,범죄,청소년관람가,11,2019,4,34,8.52,0.0,0.0,0.0,0.0,0.0,0.0,0.0,0.0,1.0,0.0
90,90,20187322,"힘을 내요, 미스터 리",1181.96,5,코미디,청소년관람가,9,2019,4,34,7.6,0.0,0.0,0.0,0.0,0.0,0.0,0.0,0.0,0.0,0.0
91,91,20194045,극장판 반지의 비밀일기,68.339,4,애니메이션,전체관람가,9,2019,4,34,9.06,0.0,0.0,0.0,0.0,0.0,0.0,0.0,0.0,0.0,0.0
92,92,20184483,퍼펙트맨,1240.022,4,코미디,청소년관람가,10,2019,4,34,7.96,0.0,0.0,0.0,0.0,0.0,0.0,0.0,0.0,1.0,0.0
93,93,20190385,웃는남자 감독판,12.82,1,공연,전체관람가,11,2019,4,34,9.5,,,,,,,,,,
94,94,20188462,감쪽같은 그녀,469.015,7,드라마,전체관람가,12,2019,1,34,7.61,0.0,0.0,0.0,0.0,0.0,0.0,0.0,0.0,0.0,0.0
95,95,20193601,장사리 : 잊혀진 영웅들,1140.708,3,전쟁,청소년관람가,9,2019,4,34,8.37,0.0,0.0,0.0,0.0,0.0,0.0,0.0,0.0,0.0,0.0
96,96,20185161,나를 찾아줘,642.367,101,스릴러,청소년관람가,11,2019,4,34,7.27,0.0,0.0,0.0,0.0,0.0,0.0,0.0,0.0,0.0,0.0
97,97,20176251,내안의 그놈,1917.999,1,판타지,청소년관람가,1,2019,1,34,8.54,0.0,0.0,0.0,1.0,1.0,0.0,0.0,0.0,0.0,0.0
98,98,20184621,엑시트,9425.492,2,코미디,청소년관람가,7,2019,3,34,8.38,0.0,0.0,0.0,0.0,0.0,0.0,0.0,0.0,0.0,0.0
99,99,20194621,아직 사랑하고 있습니까?,1.216,34,코미디,18세이상관람가,12,2019,1,34,7.67,,,,,,,,,,
100,100,20181434,신의 한 수: 귀수편,2155.013,10,범죄,청소년관람가,11,2019,4,34,7.99,0.0,0.0,0.0,0.0,0.0,0.0,0.0,0.0,0.0,1.0
101,101,20184341,얼굴없는 보스,23.451,16,액션,청소년관람가,11,2019,4,34,3.44,0.0,0.0,0.0,0.0,0.0,0.0,0.0,0.0,0.0,0.0
102,102,20199435,몬테크리스토,1.661,9,뮤지컬,청소년관람가,11,2019,4,34,9.5,,,,,,,,,,
103,103,20184462,봉오동 전투,4784.7029999999995,2,사극,청소년관람가,8,2019,3,34,7.84,0.0,0.0,0.0,0.0,0.0,0.0,0.0,0.0,0.0,0.0
104,104,20195920,가장 보통의 연애,2923.009,13,멜로/로맨스,청소년관람가,10,2019,4,34,7.96,0.0,0.0,0.0,0.0,0.0,0.0,0.0,0.0,0.0,0.0
105,105,20140703,장수상회,1166.729,1,멜로/로맨스,청소년관람가,4,2015,2,30,8.87,0.0,0.0,0.0,0.0,0.0,0.0,0.0,0.0,1.0,0.0
106,106,20174142,아이 캔 스피크,3283.073,3,코미디,청소년관람가,9,2017,4,32,9.35,0.0,0.0,0.0,0.0,0.0,0.0,0.0,0.0,0.0,0.0
107,107,20188750,나쁜 녀석들: 더 무비,4573.353,3,범죄,청소년관람가,9,2019,4,34,6.6,1.0,0.0,0.0,0.0,0.0,0.0,0.0,0.0,0.0,0.0
108,108,20185361,두번할까요,175.567,7,코미디,청소년관람가,10,2019,4,34,5.49,0.0,0.0,0.0,0.0,0.0,0.0,0.0,1.0,0.0,0.0
109,109,20184105,말모이,2866.453,1,드라마,청소년관람가,1,2019,1,34,9.05,0.0,0.0,0.0,0.0,0.0,0.0,0.0,0.0,0.0,0.0
110,110,20030003,클래식,15.24,19,드라마,전체관람가,1,2003,1,22,9.35,0.0,0.0,0.0,0.0,0.0,0.0,0.0,0.0,0.0,0.0
111,111,20110279,마당을 나온 암탉,2204.374,28,애니메이션,전체관람가,7,2011,3,26,8.89,0.0,0.0,0.0,0.0,0.0,0.0,0.0,0.0,0.0,0.0
112,112,20186707,오늘도 위위,1.114,40,드라마,전체관람가,10,2019,4,34,9.4,0.0,0.0,0.0,0.0,0.0,0.0,0.0,0.0,0.0,0.0
113,113,20194456,양자물리학,552.187,33,범죄,청소년관람가,9,2019,4,34,8.44,0.0,0.0,0.0,0.0,0.0,0.0,0.0,0.0,0.0,0.0
114,114,20185784,나의 특별한 형제,1476.777,1,드라마,청소년관람가,5,2019,2,34,8.94,0.0,0.0,0.0,0.0,0.0,0.0,0.0,0.0,0.0,0.0
115,115,20184572,타짜: 원 아이드 잭,2227.5429999999997,69,범죄,18세이상관람가,9,2019,4,34,5.46,0.0,0.0,0.0,0.0,0.0,0.0,0.0,0.0,0.0,0.0
116,116,20184543,변신,1803.112,5,공포(호러),청소년관람가,8,2019,3,34,7.1,0.0,0.0,0.0,0.0,0.0,0.0,0.0,1.0,0.0,0.0
117,117,20182585,비스트,203.042,5,범죄,청소년관람가,6,2019,3,34,6.05,0.0,0.0,0.0,0.0,0.0,0.0,0.0,0.0,0.0,0.0
118,118,20181416,유열의 음악앨범,1240.975,105,멜로/로맨스,청소년관람가,8,2019,3,34,6.2,0.0,0.0,0.0,0.0,0.0,0.0,0.0,0.0,0.0,0.0
119,119,20185985,광대들: 풍문조작단,632.384,199,사극,청소년관람가,8,2019,3,34,6.15,0.0,0.0,0.0,0.0,0.0,0.0,0.0,0.0,1.0,0.0
120,120,20020061,집으로...,4.975,51,드라마,전체관람가,4,2002,2,21,9.34,0.0,0.0,0.0,0.0,0.0,0.0,0.0,0.0,0.0,0.0
121,121,20182490,나랏말싸미,954.88,3,사극,전체관람가,7,2019,3,34,3.53,0.0,0.0,0.0,0.0,0.0,1.0,0.0,0.0,0.0,0.0
122,122,20193642,캐리tv 러브콘서트 더 무비,29.090999999999998,22,공연,전체관람가,8,2019,3,34,8.11,0.0,0.0,0.0,0.0,0.0,0.0,0.0,0.0,0.0,0.0
123,123,20188404,암전,101.366,36,미스터리,청소년관람가,8,2019,3,34,5.44,0.0,0.0,0.0,0.0,0.0,0.0,0.0,0.0,0.0,0.0
124,124,20180442,사자,1602.046,213,미스터리,청소년관람가,7,2019,3,34,7.25,0.0,0.0,0.0,0.0,0.0,0.0,0.0,0.0,0.0,0.0
125,125,20194044,공포체험단 곤지암편,3.282,11,공포(호러),청소년관람가,7,2019,3,34,6.4,0.0,0.0,0.0,0.0,0.0,0.0,0.0,0.0,0.0,0.0
126,126,20185353,기방도령,284.283,5,코미디,청소년관람가,7,2019,3,34,5.99,0.0,0.0,0.0,0.0,0.0,0.0,0.0,0.0,0.0,0.0
127,127,20193013,극장판 샤이닝스타:새로운 루나퀸의 탄생!,15.703,6,애니메이션,전체관람가,7,2019,3,34,9.12,0.0,0.0,0.0,0.0,0.0,0.0,0.0,0.0,0.0,0.0
128,128,20185986,진범,166.838,38,스릴러,청소년관람가,7,2019,3,34,7.43,0.0,0.0,0.0,0.0,0.0,0.0,0.0,0.0,0.0,0.0
129,129,20198453,롱 리브 더 킹: 목포 영웅,1092.611,7,액션,청소년관람가,6,2019,3,34,7.86,1.0,0.0,0.0,0.0,0.0,0.0,0.0,0.0,0.0,0.0
130,130,20188941,악인전,3364.1,6,범죄,18세이상관람가,5,2019,2,34,8.09,1.0,0.0,0.0,0.0,0.0,0.0,0.0,0.0,0.0,0.0
131,131,20124079,"광해, 왕이 된 남자",12323.988000000001,1,사극,청소년관람가,9,2012,4,27,9.23,0.0,0.0,0.0,0.0,0.0,0.0,0.0,0.0,0.0,0.0
132,132,20187981,배심원들,287.902,1,드라마,청소년관람가,5,2019,2,34,8.99,0.0,0.0,0.0,0.0,0.0,0.0,0.0,0.0,0.0,0.0
133,133,20122783,감시자들,5509.019,1,범죄,청소년관람가,7,2013,3,28,7.76,0.0,0.0,0.0,0.0,0.0,0.0,0.0,0.0,0.0,0.0
134,134,20180361,귀신의 향기,0.5429999999999999,17,공포(호러),청소년관람가,7,2019,3,34,5.96,0.0,0.0,0.0,0.0,0.0,0.0,0.0,0.0,0.0,0.0
135,135,20184082,걸캅스,1627.524,9,코미디,청소년관람가,5,2019,2,34,5.63,0.0,0.0,0.0,0.0,1.0,0.0,0.0,1.0,0.0,0.0
136,136,20199448,어린 의뢰인,199.375,6,드라마,청소년관람가,5,2019,2,34,9.07,0.0,0.0,0.0,0.0,0.0,0.0,0.0,0.0,0.0,0.0
137,137,20151229,더 킹,5317.959,1,범죄,청소년관람가,1,2017,1,32,8.14,0.0,0.0,0.0,0.0,0.0,0.0,0.0,0.0,0.0,0.0
138,138,20188144,0.0MHz,136.939,26,공포(호러),청소년관람가,5,2019,2,34,5.6,0.0,0.0,0.0,0.0,0.0,0.0,0.0,0.0,0.0,0.0
139,139,20191744,노리개: 그녀의 눈물,2.287,50,드라마,청소년관람가,6,2019,3,34,7.37,1.0,0.0,0.0,0.0,0.0,0.0,0.0,0.0,0.0,0.0
140,140,20198982,크게 될 놈,102.374,2,드라마,청소년관람가,4,2019,2,34,9.18,0.0,0.0,0.0,0.0,0.0,0.0,0.0,0.0,0.0,0.0
141,141,20090248,마더,2980.954,7,드라마,18세이상관람가,5,2009,2,24,8.06,0.0,0.0,0.0,0.0,0.0,0.0,0.0,0.0,0.0,0.0
142,142,20180825,미성년,292.14,8,드라마,청소년관람가,4,2019,2,34,8.28,0.0,0.0,0.0,0.0,0.0,0.0,0.0,0.0,0.0,1.0
143,143,20175547,스윙키즈,1472.7020000000002,38,드라마,청소년관람가,12,2018,1,33,8.46,0.0,0.0,0.0,0.0,0.0,0.0,0.0,0.0,0.0,0.0
144,144,20182501,왓칭,55.083,6,공포(호러),청소년관람가,4,2019,2,34,6.82,0.0,0.0,0.0,0.0,0.0,0.0,0.0,0.0,0.0,0.0
145,145,20142406,탐정 홍길동: 사라진 마을,1430.96,1,드라마,청소년관람가,5,2016,2,31,7.91,0.0,0.0,0.0,0.0,0.0,0.0,0.0,0.0,0.0,0.0
146,146,20137048,국제시장,14262.976,1,드라마,청소년관람가,12,2014,1,29,9.05,0.0,1.0,0.0,0.0,1.0,0.0,1.0,0.0,0.0,0.0
147,147,20176103,돈,3388.756,20,범죄,청소년관람가,3,2019,2,34,7.64,0.0,1.0,1.0,0.0,0.0,0.0,0.0,0.0,0.0,0.0
148,148,20175407,우상,183.74400000000003,2,스릴러,청소년관람가,3,2019,2,34,4.87,0.0,0.0,0.0,0.0,0.0,0.0,0.0,0.0,0.0,0.0
149,149,20156564,부산행,11567.318000000001,14,액션,청소년관람가,7,2016,3,31,8.04,1.0,0.0,0.0,0.0,0.0,0.0,0.0,0.0,0.0,0.0
150,150,20177552,국가부도의 날,3755.133,1,드라마,청소년관람가,11,2018,4,33,8.26,0.0,0.0,0.0,0.0,0.0,0.0,0.0,0.0,0.0,0.0
151,151,20197846,악질경찰,260.98900000000003,13,범죄,18세이상관람가,3,2019,2,34,6.05,0.0,0.0,0.0,0.0,0.0,0.0,0.0,0.0,0.0,0.0
152,152,20166301,썬키스 패밀리,31.283,20,가족,청소년관람가,3,2019,2,34,6.86,0.0,0.0,0.0,0.0,0.0,0.0,0.0,0.0,0.0,0.0
153,153,20177539,사바하,2398.348,5,미스터리,청소년관람가,2,2019,1,34,7.28,0.0,1.0,0.0,0.0,0.0,0.0,0.0,0.0,0.0,0.0
154,154,20186324,언더독,193.83700000000002,4,애니메이션,전체관람가,1,2019,1,34,9.39,0.0,0.0,0.0,0.0,0.0,0.0,0.0,0.0,0.0,0.0
155,155,20176442,자전차왕 엄복동,168.88400000000001,68,드라마,청소년관람가,2,2019,1,34,4.05,0.0,0.0,0.0,0.0,0.0,0.0,0.0,0.0,0.0,1.0
156,156,20185478,극장판 헬로카봇: 옴파로스 섬의 비밀,574.302,12,애니메이션,전체관람가,1,2019,1,34,8.74,0.0,0.0,0.0,0.0,0.0,0.0,0.0,0.0,0.0,0.0
157,157,20174169,기묘한 가족,262.92,9,코미디,청소년관람가,2,2019,1,34,5.78,0.0,0.0,0.0,0.0,0.0,0.0,0.0,0.0,0.0,0.0
158,158,20186202,신과함께-인과 연,12276.115,2,판타지,청소년관람가,8,2018,3,33,7.72,1.0,0.0,0.0,0.0,0.0,0.0,0.0,0.0,0.0,0.0
159,159,19970033,낮은 목소리 2,0.11900000000000001,1,다큐멘터리,청소년관람가,8,1997,3,18,8.83,,,,,,,,,,
160,160,20166602,그대 이름은 장미,86.838,2,코미디,청소년관람가,1,2019,1,34,7.77,0.0,0.0,0.0,1.0,0.0,0.0,0.0,0.0,0.0,0.0
161,161,20180868,뺑반,1826.154,9,범죄,청소년관람가,1,2019,1,34,6.57,0.0,0.0,0.0,0.0,0.0,0.0,0.0,0.0,0.0,0.0
162,162,20101003,혈투,44.461999999999996,1,액션,청소년관람가,2,2011,1,26,5.25,,,,,,,,,,
163,163,20185124,러브 유어셀프 인 서울,342.366,48,공연,전체관람가,1,2019,1,34,9.26,,,,,,,,,,
164,164,20183915,극장판 공룡메카드: 타이니소어의 섬,408.82199999999995,17,애니메이션,전체관람가,1,2019,1,34,9.18,0.0,0.0,0.0,0.0,0.0,0.0,0.0,0.0,0.0,0.0
165,165,20170658,PMC: 더 벙커,1670.859,5,액션,청소년관람가,12,2018,1,33,5.43,0.0,0.0,0.0,0.0,0.0,0.0,0.0,0.0,0.0,0.0
166,166,20183785,점박이 한반도의 공룡2 : 새로운 낙원,548.661,10,애니메이션,전체관람가,12,2018,1,33,9.19,0.0,0.0,0.0,0.0,1.0,0.0,0.0,0.0,0.0,0.0
167,167,20184187,언니,197.21099999999998,94,액션,18세이상관람가,1,2019,1,34,6.09,0.0,0.0,0.0,0.0,0.0,0.0,0.0,0.0,0.0,0.0
168,168,20168773,마약왕,1863.283,10,범죄,18세이상관람가,12,2018,1,33,6.63,0.0,0.0,0.0,0.0,0.0,1.0,0.0,0.0,0.0,0.0
169,169,20179230,도어락,1560.352,5,스릴러,청소년관람가,12,2018,1,33,6.57,0.0,0.0,0.0,0.0,0.0,0.0,0.0,0.0,0.0,0.0
170,170,20177538,완벽한 타인,5292.7119999999995,29,드라마,청소년관람가,10,2018,4,33,8.76,0.0,0.0,0.0,0.0,0.0,0.0,0.0,0.0,1.0,0.0
171,171,20183745,런닝맨 : 풀룰루의 역습,186.06400000000002,36,애니메이션,전체관람가,12,2018,1,33,7.8,0.0,0.0,0.0,0.0,0.0,0.0,0.0,0.0,0.0,0.0
172,172,20183650,번개맨의 비밀,49.367,113,가족,전체관람가,12,2018,1,33,9.0,0.0,0.0,0.0,0.0,0.0,0.0,0.0,0.0,0.0,0.0
173,173,20184481,성난황소,1590.5910000000001,98,범죄,청소년관람가,11,2018,4,33,7.91,1.0,0.0,0.0,0.0,0.0,0.0,0.0,0.0,0.0,0.0
174,174,20184529,트와이스랜드,17.823,10,다큐멘터리,전체관람가,12,2018,1,33,9.16,,,,,,,,,,
175,175,20182981,리벤져,2.322,45,액션,청소년관람가,12,2018,1,33,5.1,0.0,0.0,0.0,0.0,0.0,0.0,0.0,0.0,0.0,0.0
176,176,20183050,번 더 스테이지: 더 무비,312.584,57,기타,전체관람가,11,2018,4,33,9.46,0.0,0.0,0.0,0.0,0.0,0.0,0.0,0.0,0.0,0.0
177,177,20181561,덕구,315.164,4,드라마,전체관람가,4,2018,2,33,9.53,0.0,0.0,0.0,0.0,0.0,0.0,0.0,0.0,0.0,0.0
178,178,20189869,해피 투게더,24.826999999999998,5,드라마,청소년관람가,11,2018,4,33,8.58,0.0,0.0,0.0,1.0,0.0,0.0,0.0,0.0,0.0,0.0
179,179,20173202,버닝,528.372,1,미스터리,18세이상관람가,5,2018,2,33,6.77,0.0,0.0,0.0,0.0,0.0,0.0,0.0,0.0,0.0,0.0
180,180,20170513,동네사람들,459.918,28,액션,청소년관람가,11,2018,4,33,6.61,1.0,0.0,0.0,0.0,0.0,0.0,0.0,0.0,0.0,0.0
181,181,20176122,안시성,5439.308000000001,1,사극,청소년관람가,9,2018,4,33,8.05,0.0,0.0,0.0,1.0,0.0,0.0,0.0,1.0,0.0,0.0
182,182,20189746,극장판 뽀잉: 슈퍼 변신의 비밀,40.891999999999996,3,애니메이션,전체관람가,9,2018,4,33,8.97,0.0,0.0,0.0,0.0,0.0,0.0,0.0,0.0,0.0,0.0
183,183,20179006,여곡성,66.455,40,공포(호러),청소년관람가,11,2018,4,33,5.19,0.0,0.0,0.0,0.0,0.0,0.0,0.0,0.0,0.0,0.0
184,184,20189067,미쓰백,721.183,6,드라마,청소년관람가,10,2018,4,33,9.17,0.0,0.0,0.0,0.0,0.0,0.0,0.0,0.0,0.0,0.0
185,185,20179189,암수살인,3786.4120000000003,63,범죄,청소년관람가,10,2018,4,33,8.33,0.0,0.0,0.0,0.0,0.0,0.0,0.0,0.0,0.0,0.0
186,186,20020106,복수는 나의 것,1.9180000000000001,8,범죄,18세이상관람가,3,2002,2,21,8.35,0.0,0.0,0.0,0.0,0.0,1.0,0.0,0.0,0.0,0.0
187,187,20050148,친절한 금자씨,3121.204,9,스릴러,18세이상관람가,7,2005,3,23,7.26,0.0,0.0,0.0,0.0,1.0,1.0,1.0,0.0,0.0,0.0
188,188,20177308,협상,1967.721,4,범죄,청소년관람가,9,2018,4,33,7.86,0.0,0.0,0.0,0.0,0.0,0.0,0.0,0.0,0.0,0.0
189,189,20172469,허스토리,335.54,2,드라마,청소년관람가,6,2018,3,33,9.41,0.0,0.0,0.0,0.0,0.0,0.0,0.0,0.0,0.0,0.0
190,190,19760096,금욕,0.285,1,드라마,청소년관람가,3,1976,2,8,7.25,,,,,,,,,,
191,191,20184678,배반의 장미,40.208,57,코미디,청소년관람가,10,2018,4,33,6.68,0.0,0.0,0.0,0.0,0.0,0.0,0.0,0.0,0.0,0.0
192,192,20179101,공작,4974.34,1,드라마,청소년관람가,8,2018,3,33,6.85,0.0,1.0,0.0,0.0,0.0,0.0,0.0,0.0,1.0,0.0
193,193,20172204,명당,2084.319,4,사극,청소년관람가,9,2018,4,33,7.27,0.0,0.0,0.0,0.0,0.0,0.0,0.0,0.0,0.0,0.0
194,194,20167903,원더풀 고스트,448.316,9,코미디,청소년관람가,9,2018,4,33,7.26,1.0,0.0,0.0,0.0,0.0,0.0,0.0,0.0,0.0,0.0
195,195,20153446,너의 결혼식,2820.486,7,멜로/로맨스,청소년관람가,8,2018,3,33,8.68,0.0,0.0,0.0,0.0,0.0,0.0,0.0,0.0,0.0,0.0
196,196,20177537,상류사회,767.5889999999997,5,드라마,18세이상관람가,8,2018,3,33,4.31,0.0,0.0,0.0,0.0,1.0,0.0,0.0,0.0,0.0,0.0
197,197,20156554,물괴,719.9680000000003,90,액션,청소년관람가,9,2018,4,33,5.26,0.0,0.0,0.0,1.0,0.0,0.0,0.0,0.0,0.0,0.0
198,198,20170670,목격자,2522.729,64,스릴러,청소년관람가,8,2018,3,33,5.61,0.0,0.0,0.0,0.0,0.0,0.0,0.0,0.0,0.0,0.0
199,199,20188501,미친도시,1.992,2,드라마,청소년관람가,8,2018,3,33,8.0,0.0,0.0,0.0,0.0,0.0,0.0,0.0,0.0,0.0,0.0
200,200,20185242,신비아파트: 금빛 도깨비와 비밀의 동굴,677.788,6,애니메이션,전체관람가,7,2018,3,33,8.76,0.0,0.0,0.0,0.0,0.0,0.0,0.0,0.0,0.0,0.0
201,201,20179383,독전,5063.62,1,범죄,청소년관람가,5,2018,2,33,7.75,0.0,0.0,0.0,0.0,0.0,0.0,0.0,0.0,1.0,0.0
202,202,20170942,인랑,897.255,5,SF,청소년관람가,7,2018,3,33,4.01,0.0,0.0,0.0,0.0,0.0,0.0,0.0,0.0,0.0,0.0
203,203,20185341,마녀,3188.969,1,미스터리,청소년관람가,6,2018,3,33,8.2,0.0,0.0,0.0,0.0,0.0,0.0,0.0,0.0,0.0,0.0
204,204,20178161,탐정: 리턴즈,3152.5679999999998,5,코미디,청소년관람가,6,2018,3,33,8.6,0.0,0.0,0.0,0.0,0.0,0.0,0.0,1.0,0.0,0.0
205,205,20174369,변산,489.619,3,드라마,청소년관람가,7,2018,3,33,7.93,0.0,0.0,0.0,0.0,0.0,0.0,0.0,0.0,0.0,0.0
206,206,20162442,청년경찰,5653.444,1,액션,청소년관람가,8,2017,3,32,8.59,0.0,0.0,0.0,0.0,0.0,0.0,0.0,1.0,0.0,0.0
207,207,20188042,독전: 익스텐디드 컷,136.885,53,범죄,청소년관람가,7,2018,3,33,7.52,0.0,0.0,0.0,0.0,0.0,0.0,0.0,0.0,1.0,0.0
208,208,20187682,해적왕 작스톰,4.434,63,애니메이션,전체관람가,7,2018,3,33,8.99,0.0,0.0,0.0,0.0,0.0,0.0,0.0,0.0,0.0,0.0
209,209,20180282,속닥속닥,217.326,10,공포(호러),청소년관람가,7,2018,3,33,5.83,0.0,0.0,0.0,0.0,0.0,0.0,0.0,0.0,0.0,0.0
210,210,20184101,여중생A,96.89299999999999,12,드라마,청소년관람가,6,2018,3,33,7.02,0.0,0.0,0.0,0.0,0.0,0.0,0.0,0.0,0.0,0.0
211,211,20170669,지금 만나러 갑니다,2601.857,15,멜로/로맨스,청소년관람가,3,2018,2,33,8.72,0.0,0.0,0.0,0.0,0.0,0.0,0.0,0.0,0.0,0.0
212,212,20159647,리얼,470.135,1,액션,18세이상관람가,6,2017,3,32,4.48,0.0,0.0,0.0,0.0,0.0,0.0,0.0,1.0,0.0,0.0
213,213,20186926,게이트-완결판,0.7709999999999999,5,범죄,청소년관람가,6,2018,3,33,3.64,0.0,0.0,0.0,0.0,0.0,0.0,0.0,0.0,0.0,0.0
214,214,20177005,레슬러,770.6310000000003,6,드라마,청소년관람가,5,2018,2,33,4.99,0.0,0.0,0.0,0.0,0.0,0.0,0.0,1.0,0.0,1.0
215,215,20189783,챔피언,1128.693,1,드라마,청소년관람가,5,2018,2,33,6.56,1.0,0.0,0.0,0.0,0.0,0.0,0.0,0.0,0.0,0.0
216,216,20100510,자유부인,2.278,1,드라마,18세이상관람가,6,1956,3,1,7.83,,,,,,,,,,
217,217,20181366,미니특공대X,99.971,1,애니메이션,전체관람가,3,2018,2,33,7.57,0.0,0.0,0.0,0.0,0.0,0.0,0.0,0.0,0.0,0.0
218,218,20173865,데자뷰,48.13399999999999,19,미스터리,청소년관람가,5,2018,2,33,6.16,0.0,0.0,0.0,0.0,0.0,0.0,0.0,0.0,0.0,0.0
219,219,20162869,택시운전사,12189.025,2,드라마,청소년관람가,8,2017,3,32,9.08,0.0,0.0,0.0,0.0,0.0,1.0,0.0,0.0,0.0,0.0
220,220,20151230,원라인,435.09,1,범죄,청소년관람가,3,2017,2,32,8.41,0.0,0.0,0.0,0.0,0.0,0.0,0.0,0.0,0.0,0.0
221,221,20177266,나를 기억해,140.7,2,미스터리,18세이상관람가,4,2018,2,33,6.84,0.0,0.0,0.0,0.0,0.0,0.0,0.0,0.0,0.0,1.0
222,222,20174602,노무현입니다,1855.489,1,다큐멘터리,청소년관람가,5,2017,2,32,8.96,0.0,0.0,0.0,0.0,0.0,0.0,0.0,0.0,0.0,0.0
223,223,20182221,스파키,35.43199999999999,1,애니메이션,전체관람가,4,2018,2,33,8.88,0.0,0.0,0.0,0.0,0.0,0.0,0.0,0.0,0.0,0.0
224,224,20153447,바람 바람 바람,1194.157,6,코미디,18세이상관람가,4,2018,2,33,6.6,0.0,0.0,0.0,0.0,0.0,0.0,0.0,0.0,0.0,0.0
225,225,20182021,번개맨과 신비의 섬,60.535,9,가족,전체관람가,4,2018,2,33,9.44,0.0,0.0,0.0,0.0,0.0,0.0,0.0,0.0,0.0,0.0
226,226,20175046,파파 오랑후탄,1.4469999999999998,3,다큐멘터리,청소년관람가,4,2018,2,33,8.94,0.0,0.0,0.0,0.0,0.0,0.0,0.0,0.0,0.0,0.0
227,227,20165045,머니백,53.51600000000001,5,액션,청소년관람가,4,2018,2,33,6.78,0.0,0.0,0.0,0.0,0.0,0.0,0.0,0.0,0.0,0.0
228,228,20150976,신과함께-죄와 벌,14410.753999999999,1,판타지,청소년관람가,12,2017,1,32,7.98,1.0,0.0,0.0,0.0,0.0,0.0,1.0,0.0,0.0,0.0
229,229,20154908,7년의 밤,526.88,12,스릴러,청소년관람가,3,2018,2,33,5.93,0.0,0.0,0.0,0.0,0.0,0.0,0.0,0.0,0.0,0.0
230,230,20168323,염력,990.102,18,드라마,청소년관람가,1,2018,1,33,5.17,0.0,0.0,0.0,0.0,0.0,0.0,0.0,0.0,0.0,0.0
231,231,20150969,궁합,1339.68,1,코미디,청소년관람가,2,2018,1,33,7.0,0.0,0.0,0.0,0.0,0.0,0.0,0.0,0.0,0.0,0.0
232,232,20178781,사라진 밤,1314.308,126,스릴러,청소년관람가,3,2018,2,33,7.17,0.0,0.0,0.0,0.0,0.0,0.0,0.0,0.0,0.0,0.0
233,233,20172244,치즈인더트랩,228.41299999999998,62,멜로/로맨스,청소년관람가,3,2018,2,33,5.7,0.0,0.0,0.0,0.0,0.0,0.0,0.0,0.0,0.0,0.0
234,234,20189525,젝스키스 에이틴,50.038000000000004,3,다큐멘터리,전체관람가,1,2018,1,33,9.28,,,,,,,,,,
235,235,20189663,게이트,99.73100000000001,20,범죄,청소년관람가,2,2018,1,33,4.21,0.0,0.0,0.0,0.0,0.0,0.0,0.0,0.0,0.0,0.0
236,236,20168250,골든슬럼버,1386.882,13,범죄,청소년관람가,2,2018,1,33,5.74,0.0,0.0,0.0,0.0,0.0,0.0,0.0,0.0,0.0,0.0
237,237,20177473,비밥바룰라,45.778999999999996,1,코미디,청소년관람가,1,2018,1,33,9.09,0.0,0.0,0.0,0.0,0.0,0.0,0.0,0.0,0.0,0.0
238,238,20176121,흥부: 글로 세상을 바꾼 자,416.13699999999994,7,사극,청소년관람가,2,2018,1,33,4.41,0.0,0.0,0.0,0.0,0.0,0.0,0.0,0.0,0.0,0.0
239,239,20179205,조선명탐정: 흡혈괴마의 비밀,2443.282,8,사극,청소년관람가,2,2018,1,33,7.0,0.0,0.0,0.0,0.0,0.0,0.0,1.0,0.0,0.0,0.0
240,240,20181741,예스 평창!,0.595,1,다큐멘터리,전체관람가,3,2018,2,33,7.5,0.0,0.0,0.0,0.0,0.0,0.0,0.0,0.0,0.0,0.0
241,241,20176104,그것만이 내 세상,3415.953,4,코미디,청소년관람가,1,2018,1,33,8.94,0.0,0.0,0.0,0.0,0.0,0.0,0.0,0.0,0.0,0.0
242,242,20170590,1987,7229.281,62,드라마,청소년관람가,12,2017,1,32,9.26,0.0,1.0,0.0,0.0,0.0,0.0,0.0,0.0,0.0,0.0
243,243,20189761,터닝메카드W: 반다인의 비밀 특별판,21.22,30,애니메이션,전체관람가,2,2018,1,33,6.41,0.0,0.0,0.0,0.0,0.0,0.0,0.0,0.0,0.0,0.0
244,244,20174846,뽀로로 극장판 공룡섬 대모험,826.003,2,애니메이션,전체관람가,12,2017,1,32,9.17,0.0,0.0,0.0,0.0,0.0,0.0,0.0,0.0,0.0,0.0
245,245,20168161,1급기밀,217.956,20,드라마,청소년관람가,1,2018,1,33,8.86,0.0,0.0,0.0,0.0,0.0,0.0,0.0,0.0,0.0,0.0
246,246,20161681,미옥,239.987,3,범죄,18세이상관람가,11,2017,4,32,5.07,0.0,0.0,0.0,0.0,0.0,0.0,0.0,0.0,0.0,0.0
247,247,20170402,강철비,4449.854,37,액션,청소년관람가,12,2017,1,32,8.43,0.0,0.0,0.0,0.0,0.0,0.0,0.0,0.0,0.0,0.0
248,248,20175830,돌아와요 부산항애(愛),5.824,82,범죄,청소년관람가,1,2018,1,33,5.44,0.0,0.0,0.0,0.0,0.0,0.0,0.0,0.0,0.0,0.0
249,249,20172742,범죄도시,6880.351,10,범죄,18세이상관람가,10,2017,4,32,9.22,1.0,0.0,0.0,0.0,0.0,0.0,0.0,0.0,0.0,0.0
250,250,20173581,기억의 밤,1387.499,6,미스터리,청소년관람가,11,2017,4,32,8.41,0.0,0.0,0.0,0.0,0.0,0.0,0.0,0.0,0.0,0.0
251,251,20010047,번지점프를 하다,4.055,1,드라마,청소년관람가,2,2001,1,20,9.0,0.0,0.0,0.0,0.0,0.0,0.0,0.0,0.0,0.0,0.0
252,252,20176769,광인옥한흠,2.681,5,다큐멘터리,전체관람가,12,2017,1,32,9.17,0.0,0.0,0.0,0.0,0.0,0.0,0.0,0.0,0.0,0.0
253,253,20165748,꾼,4018.035,5,범죄,청소년관람가,11,2017,4,32,7.86,0.0,0.0,0.0,1.0,0.0,0.0,0.0,0.0,0.0,0.0
254,254,20175441,채비,177.428,1,드라마,청소년관람가,11,2017,4,32,9.01,0.0,0.0,0.0,0.0,0.0,0.0,0.0,0.0,0.0,0.0
255,255,20138712,꼭두각시,32.628,1,공포(호러),18세이상관람가,6,2013,3,28,5.47,0.0,0.0,0.0,0.0,0.0,0.0,0.0,0.0,0.0,0.0
256,256,20161762,반드시 잡는다,446.764,3,스릴러,청소년관람가,11,2017,4,32,8.26,0.0,0.0,0.0,0.0,0.0,0.0,0.0,1.0,0.0,0.0
257,257,20168754,7호실,346.986,5,코미디,청소년관람가,11,2017,4,32,6.82,0.0,1.0,0.0,0.0,0.0,0.0,0.0,0.0,0.0,0.0
258,258,20172603,부라더,1492.049,8,코미디,청소년관람가,11,2017,4,32,7.68,1.0,0.0,0.0,0.0,0.0,0.0,0.0,0.0,0.0,0.0
259,259,20175208,뷰티풀 투모로우,62.65,1,드라마,청소년관람가,10,2017,4,32,9.45,0.0,0.0,0.0,0.0,0.0,0.0,0.0,0.0,0.0,0.0
260,260,20173903,역모-반란의 시대,21.656999999999996,355,사극,청소년관람가,11,2017,4,32,3.74,0.0,0.0,0.0,0.0,0.0,0.0,0.0,0.0,0.0,0.0
261,261,20171817,넛잡 2,410.569,5,애니메이션,전체관람가,10,2017,4,32,8.86,0.0,0.0,0.0,0.0,0.0,0.0,0.0,0.0,0.0,0.0
262,262,20169643,침묵,493.673,8,드라마,청소년관람가,11,2017,4,32,7.84,0.0,0.0,0.0,0.0,0.0,0.0,0.0,0.0,0.0,0.0
263,263,20165450,남한산성,3846.7690000000002,20,사극,청소년관람가,10,2017,4,32,8.0,0.0,0.0,0.0,0.0,0.0,0.0,0.0,0.0,0.0,0.0
264,264,20171885,노트르담 드 파리,4.974,33,뮤지컬,전체관람가,11,2017,4,32,8.72,,,,,,,,,,
265,265,20164424,대장 김창수,377.07099999999997,51,드라마,청소년관람가,10,2017,4,32,7.95,0.0,0.0,1.0,0.0,0.0,0.0,0.0,0.0,1.0,0.0
266,266,20154907,희생부활자,322.207,19,미스터리,청소년관람가,10,2017,4,32,7.32,0.0,0.0,0.0,0.0,0.0,0.0,0.0,1.0,0.0,0.0
267,267,20154909,살인자의 기억법,2657.5570000000002,20,범죄,청소년관람가,9,2017,4,32,7.87,0.0,0.0,0.0,0.0,0.0,0.0,1.0,0.0,0.0,0.0
268,268,20151227,아빠는 딸,647.305,2,코미디,청소년관람가,4,2017,2,32,8.14,0.0,0.0,0.0,0.0,0.0,0.0,0.0,0.0,0.0,0.0
269,269,20150964,조작된 도시,2515.315,1,범죄,청소년관람가,2,2017,1,32,8.11,0.0,0.0,0.0,0.0,0.0,0.0,0.0,0.0,0.0,0.0
270,270,20151003,장산범,1306.387,5,미스터리,청소년관람가,8,2017,3,32,6.77,0.0,0.0,0.0,0.0,0.0,0.0,0.0,0.0,0.0,0.0
271,271,20172964,이웃집 스타,10.747,1,코미디,청소년관람가,9,2017,4,32,5.9,0.0,0.0,0.0,0.0,0.0,0.0,0.0,0.0,0.0,0.0
272,272,20164174,브이아이피,1373.2979999999998,2,범죄,18세이상관람가,8,2017,3,32,6.56,0.0,0.0,0.0,0.0,0.0,0.0,0.0,0.0,0.0,0.0
273,273,20161481,군함도,6591.193,6,액션,청소년관람가,7,2017,3,32,5.02,0.0,1.0,1.0,0.0,0.0,0.0,0.0,0.0,0.0,0.0
274,274,20179407,로마의 휴일,134.577,5,코미디,청소년관람가,8,2017,3,32,9.15,0.0,0.0,0.0,0.0,0.0,0.0,0.0,0.0,0.0,0.0
275,275,20124074,건축학개론,4112.496,1,멜로/로맨스,청소년관람가,3,2012,2,27,8.65,0.0,0.0,0.0,0.0,0.0,0.0,0.0,0.0,0.0,0.0
276,276,20173826,구세주: 리턴즈,4.052,121,코미디,청소년관람가,9,2017,4,32,4.63,0.0,0.0,0.0,0.0,0.0,0.0,0.0,0.0,0.0,0.0
277,277,19760017,진짜 진짜 잊지마,0.207,1,드라마,청소년관람가,2,1976,1,8,7.9,,,,,,,,,,
278,278,20165042,빅뱅 메이드,56.2,1,다큐멘터리,청소년관람가,6,2016,3,31,8.99,0.0,0.0,0.0,0.0,0.0,0.0,0.0,0.0,0.0,0.0
279,279,20000044,공동경비구역 JSA,1.089,1,드라마,청소년관람가,9,2000,4,19,9.27,0.0,0.0,0.0,0.0,0.0,1.0,0.0,0.0,0.0,0.0
280,280,20080697,안녕하세요 하나님,0.19899999999999998,1,드라마,청소년관람가,12,1987,1,13,8.77,,,,,,,,,,
281,281,20162343,악녀,1207.119,40,액션,18세이상관람가,6,2017,3,32,7.24,0.0,0.0,0.0,0.0,0.0,0.0,0.0,0.0,0.0,0.0
282,282,20100511,지옥화,3.448,1,멜로/로맨스,미정,4,1958,2,2,7.8,,,,,,,,,,
283,283,20166384,하루,1129.233,4,스릴러,청소년관람가,6,2017,3,32,7.48,0.0,0.0,0.0,0.0,0.0,0.0,0.0,0.0,0.0,0.0
284,284,20169348,대립군,837.31,3,드라마,청소년관람가,5,2017,2,32,7.7,0.0,0.0,0.0,0.0,0.0,0.0,0.0,0.0,0.0,0.0
285,285,20162722,보안관,2587.6479999999997,2,범죄,청소년관람가,5,2017,2,32,8.19,0.0,0.0,0.0,0.0,0.0,0.0,0.0,0.0,1.0,0.0
286,286,19560023,격퇴,0.401,1,전쟁,청소년관람가,4,1956,2,1,4.8,,,,,,,,,,
287,287,20175581,파워배틀 와치카: 와치가면의 역습,23.136,2,애니메이션,전체관람가,6,2017,3,32,8.52,0.0,0.0,0.0,0.0,0.0,0.0,0.0,0.0,0.0,0.0
288,288,20177223,청춘 합창단 - 또 하나의 꿈,5.041,38,다큐멘터리,전체관람가,6,2017,3,32,8.24,0.0,0.0,0.0,0.0,0.0,0.0,0.0,0.0,0.0,0.0
289,289,20156708,석조저택 살인사건,351.342,7,스릴러,청소년관람가,5,2017,2,32,7.63,0.0,0.0,0.0,1.0,0.0,0.0,0.0,0.0,0.0,0.0
290,290,20162871,특별시민,1362.434,6,드라마,청소년관람가,4,2017,2,32,7.65,1.0,0.0,0.0,0.0,1.0,0.0,0.0,0.0,0.0,0.0
291,291,20161726,임금님의 사건수첩,1634.0379999999998,5,코미디,청소년관람가,4,2017,2,32,8.04,0.0,0.0,0.0,0.0,0.0,0.0,0.0,0.0,0.0,1.0
292,292,20144444,아가씨,4288.53,1,스릴러,18세이상관람가,6,2016,3,31,7.13,0.0,0.0,0.0,0.0,0.0,0.0,0.0,0.0,1.0,0.0
293,293,19550028,미망인,1.195,1,드라마,18세이상관람가,12,1955,1,0,8.8,,,,,,,,,,
294,294,20173061,슈퍼 빼꼼: 스파이 대작전,98.02,10,애니메이션,전체관람가,5,2017,2,32,8.46,0.0,0.0,0.0,0.0,0.0,0.0,0.0,0.0,0.0,0.0
295,295,20174165,극장판 또봇: 로봇군단의 습격,141.57299999999995,4,애니메이션,전체관람가,4,2017,2,32,9.36,0.0,0.0,0.0,0.0,0.0,0.0,0.0,0.0,0.0,0.0
296,296,20162181,프리즌,2931.897,5,범죄,18세이상관람가,3,2017,2,32,7.8,0.0,0.0,0.0,0.0,0.0,0.0,0.0,0.0,0.0,0.0
297,297,19800040,미워도 다시 한번 '80,2.141,1,드라마,청소년관람가,6,1980,3,9,5.0,,,,,,,,,,
298,298,20167901,어느날,234.58599999999998,5,멜로/로맨스,청소년관람가,4,2017,2,32,8.02,0.0,0.0,0.0,0.0,0.0,0.0,0.0,0.0,0.0,0.0
299,299,20080893,렌의 애가,1.65,1,드라마,청소년관람가,1,1969,1,4,6.0,,,,,,,,,,
300,300,20161923,시간위의 집,128.764,14,미스터리,청소년관람가,4,2017,2,32,8.23,0.0,0.0,0.0,0.0,0.0,0.0,0.0,0.0,0.0,0.0
301,301,20166421,재심,2420.9770000000008,2,드라마,청소년관람가,2,2017,1,32,8.54,0.0,0.0,0.0,0.0,0.0,0.0,0.0,0.0,0.0,0.0
302,302,20139183,역린,3849.7,1,사극,청소년관람가,4,2014,2,29,7.08,0.0,0.0,0.0,1.0,0.0,0.0,0.0,0.0,0.0,0.0
303,303,20150971,해빙,1204.384,4,스릴러,청소년관람가,3,2017,2,32,6.58,0.0,0.0,0.0,0.0,0.0,0.0,0.0,0.0,1.0,0.0
304,304,20162381,일사각오,94.825,1,드라마,청소년관람가,3,2016,2,31,9.19,0.0,0.0,0.0,0.0,0.0,0.0,0.0,0.0,0.0,0.0
305,305,20159657,최강전사 미니특공대: 영웅의 탄생,117.291,1,애니메이션,전체관람가,2,2016,1,31,8.4,0.0,0.0,0.0,0.0,0.0,0.0,0.0,0.0,0.0,0.0
306,306,20167902,보통사람,382.202,50,드라마,청소년관람가,3,2017,2,32,8.41,0.0,0.0,1.0,0.0,1.0,0.0,0.0,0.0,0.0,0.0
307,307,20161723,싱글라이더,351.276,1,드라마,청소년관람가,2,2017,1,32,8.14,0.0,0.0,0.0,0.0,0.0,0.0,0.0,0.0,0.0,0.0
308,308,20172401,왕을 참하라,4.188,1,드라마,18세이상관람가,3,2017,2,32,5.07,0.0,0.0,0.0,0.0,0.0,0.0,0.0,0.0,0.0,0.0
309,309,20167905,비정규직 특수요원,146.80200000000005,102,코미디,청소년관람가,3,2017,2,32,6.63,0.0,0.0,0.0,0.0,0.0,0.0,0.0,0.0,0.0,0.0
310,310,20168668,레이디버그,40.989,17,애니메이션,전체관람가,2,2017,1,32,6.0,0.0,0.0,0.0,0.0,0.0,0.0,0.0,0.0,0.0,0.0
311,311,20144641,판도라,4583.645,1,드라마,청소년관람가,12,2016,1,31,8.49,0.0,0.0,0.0,0.0,0.0,0.0,0.0,0.0,0.0,0.0
312,312,20156562,루시드 드림,102.04700000000001,2,SF,청소년관람가,2,2017,1,32,5.86,0.0,0.0,0.0,0.0,0.0,0.0,0.0,0.0,0.0,0.0
313,313,19700035,미워도 다시 한번 3,1.9880000000000002,1,드라마,청소년관람가,1,1970,1,5,6.2,,,,,,,,,,
314,314,20151228,공조,7816.521,34,액션,청소년관람가,1,2017,1,32,8.48,0.0,0.0,0.0,0.0,0.0,0.0,0.0,0.0,0.0,0.0
315,315,20161366,"그래, 가족",46.378,5,코미디,청소년관람가,2,2017,1,32,8.9,0.0,0.0,1.0,0.0,0.0,0.0,0.0,0.0,0.0,0.0
316,316,19660041,물레방아,0.648,1,멜로/로맨스,청소년관람가,11,1966,4,3,6.67,,,,,,,,,,
317,317,19730023,흑권,0.5920000000000001,1,액션,청소년관람가,9,1973,4,6,6.25,,,,,,,,,,
318,318,20161725,마스터,7150.142,5,액션,청소년관람가,12,2016,1,31,8.14,0.0,0.0,0.0,0.0,0.0,0.0,1.0,0.0,0.0,0.0
319,319,20145503,검은 사제들,5442.915,1,미스터리,청소년관람가,11,2015,4,30,8.45,0.0,0.0,0.0,0.0,0.0,0.0,0.0,0.0,0.0,0.0
320,320,20150966,사랑하기 때문에,340.76599999999996,4,코미디,청소년관람가,1,2017,1,32,8.35,0.0,0.0,0.0,0.0,0.0,0.0,0.0,1.0,0.0,0.0
321,321,20152371,"당신, 거기 있어줄래요",1168.597,5,판타지,청소년관람가,12,2016,1,31,8.85,0.0,0.0,0.0,0.0,0.0,0.0,0.0,0.0,0.0,0.0
322,322,19880070,칠수와 만수,0.321,1,드라마,18세이상관람가,11,1988,4,14,8.63,,,,,,,,,,
323,323,20154661,형,2980.397,1,코미디,청소년관람가,11,2016,4,31,8.46,0.0,0.0,0.0,0.0,0.0,0.0,0.0,0.0,0.0,0.0
324,324,20155223,목숨 건 연애,47.805,6,멜로/로맨스,청소년관람가,12,2016,1,31,4.62,0.0,0.0,0.0,0.0,0.0,0.0,0.0,0.0,0.0,0.0
325,325,20153741,미씽: 사라진 여자,1153.109,1,미스터리,청소년관람가,11,2016,4,31,8.47,0.0,0.0,0.0,0.0,0.0,0.0,0.0,0.0,0.0,0.0
326,326,19820019,만추,849.3710000000003,1,멜로/로맨스,청소년관람가,2,2011,1,26,7.41,0.0,0.0,0.0,0.0,0.0,0.0,0.0,0.0,0.0,0.0
327,326,19820019,만추,849.3710000000003,1,멜로/로맨스,청소년관람가,2,2011,1,26,7.41,,,,,,,,,,
328,326,19820019,만추,849.3710000000003,1,멜로/로맨스,청소년관람가,2,2011,1,26,8.91,0.0,0.0,0.0,0.0,0.0,0.0,0.0,0.0,0.0,0.0
329,326,19820019,만추,849.3710000000003,1,멜로/로맨스,청소년관람가,2,2011,1,26,8.91,,,,,,,,,,
330,343,20112212,만추,1.239,1,드라마,18세이상관람가,2,1982,1,10,7.41,0.0,0.0,0.0,0.0,0.0,0.0,0.0,0.0,0.0,0.0
331,343,20112212,만추,1.239,1,드라마,18세이상관람가,2,1982,1,10,7.41,,,,,,,,,,
332,343,20112212,만추,1.239,1,드라마,18세이상관람가,2,1982,1,10,8.91,0.0,0.0,0.0,0.0,0.0,0.0,0.0,0.0,0.0,0.0
333,343,20112212,만추,1.239,1,드라마,18세이상관람가,2,1982,1,10,8.91,,,,,,,,,,
334,327,20154905,가려진 시간,510.728,5,드라마,청소년관람가,11,2016,4,31,8.45,0.0,0.0,0.0,0.0,0.0,0.0,0.0,0.0,0.0,1.0
335,328,20140704,비밀은 없다,250.829,1,스릴러,18세이상관람가,6,2016,3,31,6.42,0.0,0.0,0.0,0.0,0.0,0.0,0.0,0.0,0.0,0.0
336,329,20123501,군도: 민란의 시대,4775.811,1,사극,청소년관람가,7,2014,3,29,6.93,1.0,0.0,1.0,0.0,0.0,0.0,0.0,0.0,1.0,0.0
337,330,20150979,덕혜옹주,5599.229,2,사극,청소년관람가,8,2016,3,31,8.52,0.0,0.0,0.0,0.0,1.0,0.0,0.0,0.0,0.0,0.0
338,331,20151022,걷기왕,95.39299999999999,1,드라마,청소년관람가,10,2016,4,31,8.05,0.0,0.0,0.0,0.0,0.0,0.0,0.0,0.0,0.0,0.0
339,332,20160472,두 남자,59.788000000000004,23,범죄,18세이상관람가,11,2016,4,31,7.61,1.0,0.0,0.0,0.0,0.0,0.0,0.0,0.0,0.0,0.0
340,333,20153444,럭키,6974.991,1,코미디,청소년관람가,10,2016,4,31,8.61,0.0,0.0,0.0,0.0,0.0,0.0,0.0,0.0,0.0,0.0
341,334,20163521,스플릿,757.863,4,드라마,청소년관람가,11,2016,4,31,9.07,0.0,0.0,0.0,0.0,0.0,0.0,0.0,0.0,0.0,0.0
342,335,20156250,인천상륙작전,7049.5369999999975,1,전쟁,청소년관람가,7,2016,3,31,8.09,0.0,0.0,0.0,1.0,0.0,0.0,0.0,0.0,0.0,0.0
343,336,20153443,아수라,2594.028,2,범죄,18세이상관람가,9,2016,4,31,6.2,0.0,1.0,1.0,0.0,0.0,0.0,0.0,0.0,0.0,0.0
344,337,19910067,천국의 계단,0.297,1,드라마,18세이상관람가,2,1992,1,15,8.18,,,,,,,,,,
345,338,20124050,화차,2436.81,1,미스터리,청소년관람가,3,2012,2,27,7.88,0.0,0.0,0.0,0.0,0.0,0.0,0.0,0.0,0.0,0.0
346,339,20163107,아더왕의 전설,0.847,2,공연,전체관람가,11,2016,4,31,8.92,0.0,0.0,0.0,0.0,0.0,0.0,0.0,0.0,0.0,0.0
347,340,20150564,혼숨,286.147,73,공포(호러),청소년관람가,10,2016,4,31,7.38,0.0,0.0,0.0,0.0,0.0,0.0,0.0,0.0,0.0,0.0
348,341,20150566,극장판 꼬마버스 타요의 에이스 구출작전,134.658,4,애니메이션,전체관람가,1,2016,1,31,8.72,,,,,,,,,,
349,342,20166541,달빛궁궐,152.634,4,애니메이션,전체관람가,9,2016,4,31,7.03,0.0,0.0,0.0,0.0,0.0,0.0,0.0,0.0,0.0,0.0
350,344,20159646,밀정,7499.738,3,액션,청소년관람가,9,2016,4,31,8.4,0.0,0.0,0.0,0.0,0.0,1.0,0.0,0.0,0.0,0.0
351,345,20159648,"고산자, 대동여지도",973.951,1,사극,전체관람가,9,2016,4,31,7.68,0.0,0.0,0.0,0.0,0.0,0.0,0.0,0.0,0.0,0.0
352,346,20162704,극장판 안녕 자두야,280.197,1,애니메이션,전체관람가,5,2016,2,31,7.93,0.0,0.0,0.0,0.0,0.0,0.0,0.0,0.0,0.0,0.0
353,347,20162022,대결,32.278,2,액션,청소년관람가,9,2016,4,31,6.84,0.0,0.0,0.0,0.0,0.0,0.0,0.0,0.0,0.0,0.0
354,348,20160041,인천상륙작전 : 익스텐디드 에디션(확장판),26.95,2,전쟁,청소년관람가,9,2016,4,31,6.84,0.0,0.0,0.0,1.0,0.0,0.0,0.0,0.0,0.0,0.0
355,349,20154910,터널,7120.241,17,드라마,청소년관람가,8,2016,3,31,8.41,0.0,0.0,0.0,0.0,0.0,0.0,1.0,0.0,0.0,0.0
356,350,20150968,국가대표 2,709.24,1,드라마,청소년관람가,8,2016,3,31,8.67,0.0,0.0,0.0,0.0,0.0,0.0,1.0,0.0,0.0,0.0
357,351,19850074,화녀촌,0.449,1,드라마,18세이상관람가,11,1985,4,11,8.25,,,,,,,,,,
358,352,20161961,나는 증인이다,0.557,2,미스터리,청소년관람가,9,2016,4,31,7.04,0.0,0.0,0.0,0.0,0.0,0.0,0.0,0.0,0.0,0.0
359,353,20150901,올레,66.127,60,드라마,청소년관람가,8,2016,3,31,8.28,0.0,0.0,0.0,0.0,0.0,0.0,0.0,0.0,0.0,0.0
360,354,20140121,"1789, 바스티유의 연인들",4.386,6,뮤지컬,전체관람가,9,2014,4,29,8.96,0.0,0.0,0.0,0.0,0.0,0.0,0.0,0.0,0.0,0.0
361,355,20152105,"시발, 놈: 인류의 시작",0.965,7,코미디,청소년관람가,8,2016,3,31,6.6,0.0,0.0,0.0,0.0,0.0,0.0,0.0,0.0,0.0,0.0
362,356,20159644,봉이 김선달,2049.396,5,사극,청소년관람가,7,2016,3,31,7.95,0.0,0.0,0.0,0.0,1.0,0.0,0.0,0.0,0.0,0.0
363,357,20156807,뽀로로 극장판 컴퓨터 왕국 대모험,445.36,1,애니메이션,전체관람가,12,2015,1,30,8.82,0.0,0.0,0.0,0.0,0.0,0.0,0.0,0.0,0.0,0.0
364,358,20156559,계춘할망,482.259,3,가족,청소년관람가,5,2016,2,31,8.71,0.0,0.0,0.0,0.0,0.0,0.0,0.0,0.0,0.0,1.0
365,359,20050216,형사 Duelist,922.68,1,멜로/로맨스,전체관람가,9,2005,4,23,5.88,0.0,0.0,0.0,0.0,0.0,0.0,0.0,0.0,0.0,0.0
366,360,20150972,굿바이 싱글,2103.766,129,코미디,청소년관람가,6,2016,3,31,8.22,1.0,0.0,0.0,0.0,0.0,0.0,0.0,0.0,0.0,0.0
367,361,20050239,너는 내 운명,2701.544000000001,1,멜로/로맨스,18세이상관람가,9,2005,4,23,9.08,0.0,1.0,0.0,0.0,0.0,0.0,0.0,0.0,0.0,0.0
368,362,20140194,곡성,6879.769,7,미스터리,청소년관람가,5,2016,2,31,7.61,0.0,1.0,0.0,0.0,0.0,0.0,0.0,0.0,0.0,0.0
369,363,20158982,트릭,37.76300000000001,5,스릴러,청소년관람가,7,2016,3,31,6.2,0.0,0.0,0.0,0.0,0.0,0.0,0.0,0.0,0.0,0.0
370,364,20154906,사냥,645.58,27,액션,청소년관람가,6,2016,3,31,6.51,0.0,0.0,0.0,0.0,0.0,0.0,0.0,0.0,1.0,0.0
371,365,19750091,태풍을 일으킨 사나이,0.31,1,멜로/로맨스,청소년관람가,11,1975,4,7,5.0,,,,,,,,,,
372,366,20159645,특별수사: 사형수의 편지,1237.897,138,범죄,청소년관람가,6,2016,3,31,8.43,0.0,0.0,0.0,0.0,0.0,0.0,0.0,1.0,0.0,0.0
373,367,20158483,오빠생각,1069.864,1,드라마,청소년관람가,1,2016,1,31,8.6,0.0,0.0,0.0,0.0,0.0,0.0,0.0,0.0,0.0,0.0
374,368,19940063,장미의 나날,0.237,1,스릴러,18세이상관람가,4,1994,2,17,8.0,,,,,,,,,,
375,369,20158242,무서운 이야기 3 : 화성에서 온 소녀,96.662,88,공포(호러),청소년관람가,6,2016,3,31,6.62,0.0,0.0,0.0,0.0,0.0,0.0,0.0,0.0,0.0,0.0
376,370,20162431,극장판 프랭키와 친구들: 생명의 나무,55.56800000000001,15,애니메이션,전체관람가,4,2016,2,31,8.6,0.0,0.0,0.0,0.0,0.0,0.0,0.0,0.0,0.0,0.0
377,371,20161364,귀향,3586.442,1,드라마,청소년관람가,2,2016,1,31,9.22,0.0,0.0,0.0,0.0,0.0,0.0,0.0,0.0,0.0,0.0
378,372,20143509,엽기적인 그녀 2,74.581,16,멜로/로맨스,청소년관람가,5,2016,2,31,3.32,0.0,0.0,0.0,0.0,0.0,0.0,0.0,0.0,0.0,0.0
379,373,20145506,해어화,484.735,3,사극,청소년관람가,4,2016,2,31,8.02,0.0,0.0,0.0,1.0,0.0,0.0,0.0,0.0,0.0,0.0
380,374,20159641,위대한 소원,307.332,17,코미디,청소년관람가,4,2016,2,31,7.76,0.0,0.0,0.0,0.0,0.0,0.0,0.0,0.0,0.0,0.0
381,375,20142621,시간이탈자,1202.05,21,스릴러,청소년관람가,4,2016,2,31,7.65,0.0,0.0,0.0,0.0,0.0,0.0,0.0,0.0,0.0,0.0
382,376,20152782,"날, 보러와요",1062.288,31,미스터리,18세이상관람가,4,2016,2,31,7.49,0.0,0.0,0.0,0.0,0.0,0.0,0.0,0.0,0.0,0.0
383,377,19860024,겨울나그네,3.449,1,드라마,18세이상관람가,4,1986,2,12,8.55,,,,,,,,,,
384,378,20136068,히말라야,7759.635,1,드라마,청소년관람가,12,2015,1,30,8.05,0.0,1.0,0.0,0.0,1.0,0.0,0.0,0.0,0.0,0.0
385,379,20150902,대배우,165.40099999999995,188,코미디,청소년관람가,3,2016,2,31,6.19,0.0,0.0,0.0,0.0,0.0,0.0,1.0,0.0,0.0,0.0
386,380,19800068,바람불어 좋은 날,0.905,1,드라마,18세이상관람가,11,1980,4,9,8.47,,,,,,,,,,
387,381,19930013,여자의 일생,0.377,1,멜로/로맨스,18세이상관람가,5,1993,2,16,2.83,,,,,,,,,,
388,382,20145396,널 기다리며,633.2080000000002,48,스릴러,18세이상관람가,3,2016,2,31,8.05,0.0,0.0,0.0,0.0,0.0,0.0,0.0,0.0,0.0,0.0
389,383,20145507,검사외전,9706.777,4,범죄,청소년관람가,2,2016,1,31,8.06,0.0,1.0,0.0,1.0,0.0,0.0,0.0,0.0,0.0,0.0
390,384,20148048,베테랑,13414.136,1,액션,청소년관람가,8,2015,3,30,9.05,1.0,1.0,1.0,0.0,0.0,0.0,1.0,0.0,0.0,0.0
391,385,20148841,헬머니,523.494,1,코미디,18세이상관람가,3,2015,2,30,6.81,0.0,0.0,1.0,0.0,0.0,0.0,0.0,0.0,0.0,0.0
392,386,20161722,히야,21.500999999999998,16,드라마,청소년관람가,3,2016,2,31,9.19,0.0,0.0,0.0,0.0,0.0,0.0,0.0,0.0,0.0,0.0
393,387,20150977,좋아해줘,847.9119999999997,24,멜로/로맨스,청소년관람가,2,2016,1,31,8.35,0.0,0.0,0.0,0.0,0.0,0.0,0.0,0.0,0.0,0.0
394,388,20151021,순정,239.36599999999999,3,드라마,청소년관람가,2,2016,1,31,8.86,0.0,0.0,0.0,0.0,0.0,0.0,0.0,0.0,0.0,0.0
395,389,20145171,대호,1762.569,1,사극,청소년관람가,12,2015,1,30,8.07,0.0,0.0,1.0,0.0,1.0,0.0,0.0,0.0,0.0,0.0
396,390,20152541,무수단,12.952,228,미스터리,청소년관람가,3,2016,2,31,3.04,0.0,0.0,0.0,0.0,0.0,0.0,0.0,0.0,0.0,0.0
397,391,20150903,번개맨,68.734,8,판타지,전체관람가,2,2016,1,31,6.4,0.0,0.0,0.0,0.0,0.0,0.0,0.0,0.0,0.0,0.0
398,392,20157466,"로봇, 소리",475.62199999999996,49,드라마,청소년관람가,1,2016,1,31,8.66,0.0,0.0,0.0,0.0,0.0,0.0,0.0,0.0,0.0,0.0
399,393,20150025,내부자들: 디 오리지널,2082.913,39,범죄,18세이상관람가,12,2015,1,30,9.02,0.0,0.0,1.0,0.0,0.0,0.0,0.0,0.0,0.0,0.0
400,394,20068576,그날의 분위기,651.612,17,멜로/로맨스,청소년관람가,1,2016,1,31,7.14,0.0,0.0,0.0,0.0,0.0,0.0,0.0,0.0,0.0,0.0
401,395,20142641,나를 잊지 말아요,427.19,6,멜로/로맨스,청소년관람가,1,2016,1,31,6.95,0.0,0.0,0.0,0.0,0.0,0.0,0.0,0.0,0.0,0.0
402,396,20144442,조선마술사,627.379,53,드라마,청소년관람가,12,2015,1,30,7.05,0.0,0.0,0.0,0.0,0.0,0.0,0.0,0.0,0.0,0.0
403,397,20152370,잡아야 산다,54.27,24,코미디,청소년관람가,1,2016,1,31,5.57,0.0,0.0,0.0,0.0,0.0,0.0,0.0,0.0,0.0,0.0
404,398,19750002,애수의 샌프란시스코,0.405,1,멜로/로맨스,전체관람가,3,1975,2,7,3.25,,,,,,,,,,
405,399,20156748,열정같은소리하고있네,654.4069999999998,1,드라마,청소년관람가,11,2015,4,30,7.61,0.0,0.0,0.0,0.0,0.0,0.0,1.0,0.0,0.0,0.0
406,400,20149299,파일 : 4022일의 사육,1.286,4,미스터리,18세이상관람가,12,2015,1,30,3.35,0.0,0.0,0.0,0.0,0.0,0.0,0.0,0.0,0.0,0.0
407,401,20149266,차이나타운,1472.102,1,범죄,18세이상관람가,4,2015,2,30,6.97,0.0,0.0,0.0,0.0,0.0,0.0,0.0,0.0,0.0,0.0
408,402,20147130,타투,11.866,3,스릴러,18세이상관람가,12,2015,1,30,6.48,0.0,0.0,0.0,0.0,0.0,0.0,0.0,0.0,0.0,0.0
409,403,20156557,탐정 : 더 비기닝,2625.6859999999997,2,코미디,청소년관람가,9,2015,4,30,8.6,0.0,0.0,0.0,0.0,0.0,0.0,0.0,1.0,0.0,0.0
410,404,20157176,오디세오,0.862,1,공연,전체관람가,10,2015,4,30,8.12,,,,,,,,,,
411,405,20140144,도리화가,316.31,35,사극,청소년관람가,11,2015,4,30,5.72,0.0,0.0,0.0,0.0,0.0,0.0,0.0,0.0,0.0,0.0
412,406,20159002,서태지밴드 콘서트투어 '콰이어트나이트',5.3610000000000015,6,공연,전체관람가,11,2015,4,30,9.43,0.0,0.0,0.0,0.0,0.0,0.0,0.0,0.0,0.0,0.0
413,407,20124034,도둑들,12983.821000000002,1,액션,청소년관람가,7,2012,3,27,7.63,0.0,0.0,0.0,0.0,0.0,0.0,1.0,0.0,0.0,0.0
414,408,20158682,꾸루꾸루와 친구들: 무지개 나무의 비밀,6.7360000000000015,9,애니메이션,전체관람가,11,2015,4,30,6.66,0.0,0.0,0.0,0.0,0.0,0.0,0.0,0.0,0.0,0.0
415,409,20143513,미쓰 와이프,988.3910000000001,2,코미디,청소년관람가,8,2015,3,30,8.94,0.0,0.0,0.0,0.0,1.0,0.0,0.0,0.0,0.0,0.0
416,410,20148851,암살,12704.656,6,액션,청소년관람가,7,2015,3,30,9.0,0.0,0.0,0.0,0.0,0.0,0.0,1.0,0.0,1.0,0.0
417,411,20145501,돌연변이,100.49799999999999,7,드라마,청소년관람가,10,2015,4,30,7.19,0.0,0.0,0.0,0.0,0.0,0.0,0.0,0.0,0.0,1.0
418,412,20157465,그놈이다,1045.218,35,스릴러,청소년관람가,10,2015,4,30,7.61,0.0,0.0,0.0,0.0,0.0,0.0,0.0,0.0,0.0,0.0
419,413,20157464,더 폰,1593.592,7,스릴러,청소년관람가,10,2015,4,30,7.5,0.0,0.0,0.0,0.0,0.0,0.0,0.0,0.0,0.0,0.0
420,414,20142855,성난 변호사,1127.747,21,범죄,청소년관람가,10,2015,4,30,8.15,0.0,0.0,0.0,0.0,0.0,0.0,0.0,0.0,0.0,0.0
421,415,20149961,미안해 사랑해 고마워,50.57100000000001,5,드라마,청소년관람가,10,2015,4,30,7.4,0.0,0.0,0.0,0.0,0.0,0.0,0.0,0.0,0.0,0.0
